{
	"code": 0,
	"msg": "...",
	"count": 3,
	"data": [{
		"id": "1",
		"image": "https://gw.alipayobjects.com/zos/rmsportal/gLaIAoVWTtLbBWZNYEMg.png",
		"title": "Alipay",
		"remark": "那是一种内在的东西， 他们到达不了，也无法触及的",
		"time": "几秒前"
	},{
		"id": "2",
		"image": "https://gw.alipayobjects.com/zos/rmsportal/iXjVmWVHbCJAyqvDxdtx.png",
		"title": "Layui",
		"remark": "生命就像一盒巧克力，结果往往出人意料",
		"time": "几秒前"
	},{
		"id": "1",
		"image": "https://gw.alipayobjects.com/zos/rmsportal/iZBVOIhGJiAnhplqjvZW.png",
		"title": "Angular",
		"remark": "希望是一个好东西，也许是最好的，好东西是不会消亡的",
		"time": "几秒前"
	},
	{
		"id": "1",
		"image": "https://gw.alipayobjects.com/zos/rmsportal/uMfMFlvUuceEyPpotzlq.png",
		"title": "React",
		"remark": "那是一种内在的东西， 他们到达不了，也无法触及的",
		"time": "几秒前"
	},{
		"id": "1",
		"image": "https://gw.alipayobjects.com/zos/rmsportal/gLaIAoVWTtLbBWZNYEMg.png",
		"title": "Alipay",
		"remark": "那是一种内在的东西， 他们到达不了，也无法触及的",
		"time": "几秒前"
	},{
		"id": "2",
		"image": "https://gw.alipayobjects.com/zos/rmsportal/iXjVmWVHbCJAyqvDxdtx.png",
		"title": "Layui",
		"remark": "生命就像一盒巧克力，结果往往出人意料",
		"time": "几秒前"
	},{
		"id": "1",
		"image": "https://gw.alipayobjects.com/zos/rmsportal/iZBVOIhGJiAnhplqjvZW.png",
		"title": "Angular",
		"remark": "希望是一个好东西，也许是最好的，好东西是不会消亡的",
		"time": "几秒前"
	},
	{
		"id": "1",
		"image": "https://gw.alipayobjects.com/zos/rmsportal/uMfMFlvUuceEyPpotzlq.png",
		"title": "React",
		"remark": "那是一种内在的东西， 他们到达不了，也无法触及的",
		"time": "几秒前"
	}]
}
