{
	"code": 0,
	"msg": null,
	"count": 6,
	"data": [{
		"createTime": null,
		"createBy": null,
		"createName": null,
		"updateTime": null,
		"updateBy": null,
		"updateName": null,
		"remark": null,
		"params": null,
		"id": "1304489072256876544",
		"typeName": "用户状态",
		"typeCode": "user_status",
		"description": "用户状态",
		"enable": "0"
	}, {
		"createTime": null,
		"createBy": null,
		"createName": null,
		"updateTime": null,
		"updateBy": null,
		"updateName": null,
		"remark": null,
		"params": null,
		"id": "1317360314219495424",
		"typeName": "登录类型",
		"typeCode": "login",
		"description": "登录类型",
		"enable": "0"
	}, {
		"createTime": null,
		"createBy": null,
		"createName": null,
		"updateTime": null,
		"updateBy": null,
		"updateName": null,
		"remark": null,
		"params": null,
		"id": "1317400519127334912",
		"typeName": "用户类型",
		"typeCode": "user_status",
		"description": "用户类型",
		"enable": "0"
	}, {
		"createTime": null,
		"createBy": null,
		"createName": null,
		"updateTime": null,
		"updateBy": null,
		"updateName": null,
		"remark": null,
		"params": null,
		"id": "1317400823096934400",
		"typeName": "配置类型",
		"typeCode": "config_type",
		"description": "配置类型",
		"enable": "0"
	}, {
		"createTime": null,
		"createBy": null,
		"createName": null,
		"updateTime": null,
		"updateBy": null,
		"updateName": null,
		"remark": null,
		"params": null,
		"id": "455184568505470976",
		"typeName": "用户性别",
		"typeCode": "user_sex",
		"description": "用户性别",
		"enable": "0"
	}, {
		"createTime": null,
		"createBy": null,
		"createName": null,
		"updateTime": null,
		"updateBy": null,
		"updateName": null,
		"remark": null,
		"params": null,
		"id": "455184935989415936",
		"typeName": "全局状态",
		"typeCode": "sys_status",
		"description": "状态描述\n",
		"enable": "0"
	}]
}
