{
	"createTime": null,
	"createBy": null,
	"updateTime": null,
	"updateBy": null,
	"remark": null,
	"code": 0,
	"msg": null,
	"count": 167,
	"data": [{
		"id": "1305106851892822016",
		"title": "登录",
		"description": "登录成功",
		"businessType": "OTHER",
		"requestMethod": "POST",
		"method": "/login",
		"operateUrl": "/login",
		"operateAddress": "127.0.0.1",
		"requestParam": null,
		"requestBody": "",
		"responseBody": null,
		"success": true,
		"loggingType": "LOGIN",
		"errorMsg": null,
		"systemOs": "Windows",
		"createTime": "2020-09-13T11:31:36.000+0000",
		"operateName": "admin",
		"map": {},
		"browser": "谷歌浏览器"
	}, {
		"id": "1305101593019940864",
		"title": "登录",
		"description": "登录成功",
		"businessType": "OTHER",
		"requestMethod": "POST",
		"method": "/login",
		"operateUrl": "/login",
		"operateAddress": "127.0.0.1",
		"requestParam": null,
		"requestBody": "",
		"responseBody": null,
		"success": true,
		"loggingType": "LOGIN",
		"errorMsg": null,
		"systemOs": "Windows",
		"createTime": "2020-09-13T11:10:42.000+0000",
		"operateName": "admin",
		"map": {},
		"browser": "谷歌浏览器"
	}, {
		"id": "1305101247900024832",
		"title": "登录",
		"description": "登录成功",
		"businessType": "OTHER",
		"requestMethod": "POST",
		"method": "/login",
		"operateUrl": "/login",
		"operateAddress": "127.0.0.1",
		"requestParam": null,
		"requestBody": "",
		"responseBody": null,
		"success": true,
		"loggingType": "LOGIN",
		"errorMsg": null,
		"systemOs": "Windows",
		"createTime": "2020-09-13T11:09:20.000+0000",
		"operateName": "admin",
		"map": {},
		"browser": "谷歌浏览器"
	}, {
		"id": "1305099674977304576",
		"title": "登录",
		"description": "登录成功",
		"businessType": "OTHER",
		"requestMethod": "POST",
		"method": "/login",
		"operateUrl": "/login",
		"operateAddress": "127.0.0.1",
		"requestParam": null,
		"requestBody": "",
		"responseBody": null,
		"success": true,
		"loggingType": "LOGIN",
		"errorMsg": null,
		"systemOs": "Windows",
		"createTime": "2020-09-13T11:03:05.000+0000",
		"operateName": "admin",
		"map": {},
		"browser": "谷歌浏览器"
	}, {
		"id": "1305095186061197312",
		"title": "登录",
		"description": "登录成功",
		"businessType": "OTHER",
		"requestMethod": "POST",
		"method": "/login",
		"operateUrl": "/login",
		"operateAddress": "127.0.0.1",
		"requestParam": null,
		"requestBody": "",
		"responseBody": null,
		"success": true,
		"loggingType": "LOGIN",
		"errorMsg": null,
		"systemOs": "Windows",
		"createTime": "2020-09-13T10:45:15.000+0000",
		"operateName": "admin",
		"map": {},
		"browser": "谷歌浏览器"
	}, {
		"id": "1305092027951611904",
		"title": "登录",
		"description": "登录成功",
		"businessType": "OTHER",
		"requestMethod": "POST",
		"method": "/login",
		"operateUrl": "/login",
		"operateAddress": "127.0.0.1",
		"requestParam": null,
		"requestBody": "",
		"responseBody": null,
		"success": true,
		"loggingType": "LOGIN",
		"errorMsg": null,
		"systemOs": "Windows",
		"createTime": "2020-09-13T10:32:42.000+0000",
		"operateName": "admin",
		"map": {},
		"browser": "谷歌浏览器"
	}, {
		"id": "1305082862634008576",
		"title": "登录",
		"description": "登录成功",
		"businessType": "OTHER",
		"requestMethod": "POST",
		"method": "/login",
		"operateUrl": "/login",
		"operateAddress": "127.0.0.1",
		"requestParam": null,
		"requestBody": "",
		"responseBody": null,
		"success": true,
		"loggingType": "LOGIN",
		"errorMsg": null,
		"systemOs": "Windows",
		"createTime": "2020-09-13T09:56:16.000+0000",
		"operateName": "admin",
		"map": {},
		"browser": "谷歌浏览器"
	}, {
		"id": "1305071134877679616",
		"title": "登录",
		"description": "登录成功",
		"businessType": "OTHER",
		"requestMethod": "POST",
		"method": "/login",
		"operateUrl": "/login",
		"operateAddress": "127.0.0.1",
		"requestParam": null,
		"requestBody": "",
		"responseBody": null,
		"success": true,
		"loggingType": "LOGIN",
		"errorMsg": null,
		"systemOs": "Windows",
		"createTime": "2020-09-13T09:09:40.000+0000",
		"operateName": "admin",
		"map": {},
		"browser": "谷歌浏览器"
	}, {
		"id": "1305070481803575296",
		"title": "登录",
		"description": "登录成功",
		"businessType": "OTHER",
		"requestMethod": "POST",
		"method": "/login",
		"operateUrl": "/login",
		"operateAddress": "127.0.0.1",
		"requestParam": null,
		"requestBody": "",
		"responseBody": null,
		"success": true,
		"loggingType": "LOGIN",
		"errorMsg": null,
		"systemOs": "Windows",
		"createTime": "2020-09-13T09:07:05.000+0000",
		"operateName": "admin",
		"map": {},
		"browser": "谷歌浏览器"
	}, {
		"id": "1305064691009060864",
		"title": "登录",
		"description": "登录成功",
		"businessType": "OTHER",
		"requestMethod": "POST",
		"method": "/login",
		"operateUrl": "/login",
		"operateAddress": "127.0.0.1",
		"requestParam": null,
		"requestBody": "",
		"responseBody": null,
		"success": true,
		"loggingType": "LOGIN",
		"errorMsg": null,
		"systemOs": "Windows",
		"createTime": "2020-09-13T08:44:04.000+0000",
		"operateName": "admin",
		"map": {},
		"browser": "谷歌浏览器"
	}]
}
