[
	{
		"id": 1,
		"title": "首页",
		"type": 0,
		"icon": "layui-icon layui-icon-console",
		"href": "",
		"children": [{
			"id": 10,
			"title": "首页",
			"icon": "layui-icon layui-icon-console",
			"type": 1,
			"openType": "_iframe",
			"href": "view/console/console1.html"
		}]
	},
	{
		"id": "system",
		"title": "系统管理",
		"icon": "layui-icon layui-icon-set-fill",
		"type": 0,
		"href": "",
		"children": [{
			"id": 601,
			"title": "管理员管理",
			"icon": "layui-icon layui-icon-face-smile",
			"type": 1,
			"openType": "_iframe",
			"href": "view/user/user.html"
		},
			{
				"id": 602,
				"title": "角色管理",
				"icon": "layui-icon layui-icon-face-cry",
				"type": 1,
				"openType": "_iframe",
				"href": "view/role/role.html"
			},

			{
				"id": 603,
				"title": "权限管理",
				"icon": "layui-icon layui-icon-face-cry",
				"type": 1,
				"openType": "_iframe",
				"href": "view/privilege/privilege.html"
			},
			{
				"id": 605,
				"title": "操作日志",
				"icon": "layui-icon layui-icon-face-cry",
				"type": 1,
				"openType": "_iframe",
				"href": "view/system/logging.html"
			}

		]
	},
	{
		"id": "community",
		"title": "社区管理",
		"icon": "layui-icon layui-icon-cart",
		"type": 0,
		"href": "",
		"children": [{
			"id": 100,
			"title": "小区管理",
			"icon": "layui-icon layui-icon-face-smile",
			"type": 1,
			"openType": "_iframe",
			"href": "view/community/village.html"
		},{
			"id": 101,
			"title": "房产管理",
			"icon": "layui-icon layui-icon-face-smile",
			"type": 1,
			"openType": "_iframe",
			"href": "view/house/house.html"
		},
			{
				"id": 102,
				"title": "栋数管理",
				"icon": "layui-icon layui-icon-face-smile",
				"type": 1,
				"openType": "_iframe",
				"href": "view/building/building.html"
			}
		]
	},
	{
		"id": "parking",
		"title": "停车管理",
		"icon": "layui-icon layui-icon-picture",
		"type": 0,
		"href": "",
		"children": [{
			"id": 103,
			"title": "车位管理",
			"icon": "layui-icon layui-icon-face-smile",
			"type": 1,
			"openType": "_iframe",
			"href": "view/banner/banner.html"
		},
			{
				"id": 105,
				"title": "车位使用管理",
				"icon": "layui-icon layui-icon-face-smile",
				"type": 1,
				"openType": "_iframe",
				"href": "view/banner/banner.html"
			}]
	}
]
