{
	"createTime": null,
	"createBy": null,
	"updateTime": null,
	"updateBy": null,
	"remark": null,
	"code": 0,
	"msg": null,
	"count": 178,
	"data": [{
		"id": "1305106857240559616",
		"title": "主页",
		"description": "返回 Index 主页视图",
		"businessType": "ADD",
		"requestMethod": "GET",
		"method": "/index",
		"operateUrl": "/index",
		"operateAddress": "127.0.0.1",
		"requestParam": null,
		"requestBody": "",
		"responseBody": null,
		"success": true,
		"loggingType": "OPERATE",
		"errorMsg": null,
		"systemOs": "Windows",
		"createTime": "2020-09-13T11:31:37.000+0000",
		"operateName": "admin",
		"map": {},
		"browser": "谷歌浏览器"
	}, {
		"id": "1305101599714050048",
		"title": "主页",
		"description": "返回 Index 主页视图",
		"businessType": "ADD",
		"requestMethod": "GET",
		"method": "/index",
		"operateUrl": "/index",
		"operateAddress": "127.0.0.1",
		"requestParam": null,
		"requestBody": "",
		"responseBody": null,
		"success": true,
		"loggingType": "OPERATE",
		"errorMsg": null,
		"systemOs": "Windows",
		"createTime": "2020-09-13T11:10:44.000+0000",
		"operateName": "admin",
		"map": {},
		"browser": "谷歌浏览器"
	}, {
		"id": "1305101253352620032",
		"title": "主页",
		"description": "返回 Index 主页视图",
		"businessType": "ADD",
		"requestMethod": "GET",
		"method": "/index",
		"operateUrl": "/index",
		"operateAddress": "127.0.0.1",
		"requestParam": null,
		"requestBody": "",
		"responseBody": null,
		"success": true,
		"loggingType": "OPERATE",
		"errorMsg": null,
		"systemOs": "Windows",
		"createTime": "2020-09-13T11:09:21.000+0000",
		"operateName": "admin",
		"map": {},
		"browser": "谷歌浏览器"
	}, {
		"id": "1305099681512030208",
		"title": "主页",
		"description": "返回 Index 主页视图",
		"businessType": "ADD",
		"requestMethod": "GET",
		"method": "/index",
		"operateUrl": "/index",
		"operateAddress": "127.0.0.1",
		"requestParam": null,
		"requestBody": "",
		"responseBody": null,
		"success": true,
		"loggingType": "OPERATE",
		"errorMsg": null,
		"systemOs": "Windows",
		"createTime": "2020-09-13T11:03:06.000+0000",
		"operateName": "admin",
		"map": {},
		"browser": "谷歌浏览器"
	}, {
		"id": "1305095191291494400",
		"title": "主页",
		"description": "返回 Index 主页视图",
		"businessType": "ADD",
		"requestMethod": "GET",
		"method": "/index",
		"operateUrl": "/index",
		"operateAddress": "127.0.0.1",
		"requestParam": null,
		"requestBody": "",
		"responseBody": null,
		"success": true,
		"loggingType": "OPERATE",
		"errorMsg": null,
		"systemOs": "Windows",
		"createTime": "2020-09-13T10:45:16.000+0000",
		"operateName": "admin",
		"map": {},
		"browser": "谷歌浏览器"
	}, {
		"id": "1305092034448588800",
		"title": "主页",
		"description": "返回 Index 主页视图",
		"businessType": "ADD",
		"requestMethod": "GET",
		"method": "/index",
		"operateUrl": "/index",
		"operateAddress": "127.0.0.1",
		"requestParam": null,
		"requestBody": "",
		"responseBody": null,
		"success": true,
		"loggingType": "OPERATE",
		"errorMsg": null,
		"systemOs": "Windows",
		"createTime": "2020-09-13T10:32:43.000+0000",
		"operateName": "admin",
		"map": {},
		"browser": "谷歌浏览器"
	}, {
		"id": "1305082868002717696",
		"title": "主页",
		"description": "返回 Index 主页视图",
		"businessType": "ADD",
		"requestMethod": "GET",
		"method": "/index",
		"operateUrl": "/index",
		"operateAddress": "127.0.0.1",
		"requestParam": null,
		"requestBody": "",
		"responseBody": null,
		"success": true,
		"loggingType": "OPERATE",
		"errorMsg": null,
		"systemOs": "Windows",
		"createTime": "2020-09-13T09:56:18.000+0000",
		"operateName": "admin",
		"map": {},
		"browser": "谷歌浏览器"
	}, {
		"id": "1305071141362073600",
		"title": "主页",
		"description": "返回 Index 主页视图",
		"businessType": "ADD",
		"requestMethod": "GET",
		"method": "/index",
		"operateUrl": "/index",
		"operateAddress": "127.0.0.1",
		"requestParam": null,
		"requestBody": "",
		"responseBody": null,
		"success": true,
		"loggingType": "OPERATE",
		"errorMsg": null,
		"systemOs": "Windows",
		"createTime": "2020-09-13T09:09:42.000+0000",
		"operateName": "admin",
		"map": {},
		"browser": "谷歌浏览器"
	}, {
		"id": "1305070488145362944",
		"title": "主页",
		"description": "返回 Index 主页视图",
		"businessType": "ADD",
		"requestMethod": "GET",
		"method": "/index",
		"operateUrl": "/index",
		"operateAddress": "127.0.0.1",
		"requestParam": null,
		"requestBody": "",
		"responseBody": null,
		"success": true,
		"loggingType": "OPERATE",
		"errorMsg": null,
		"systemOs": "Windows",
		"createTime": "2020-09-13T09:07:06.000+0000",
		"operateName": "admin",
		"map": {},
		"browser": "谷歌浏览器"
	}, {
		"id": "1305064697174687744",
		"title": "主页",
		"description": "返回 Index 主页视图",
		"businessType": "ADD",
		"requestMethod": "GET",
		"method": "/index",
		"operateUrl": "/index",
		"operateAddress": "127.0.0.1",
		"requestParam": null,
		"requestBody": "",
		"responseBody": null,
		"success": true,
		"loggingType": "OPERATE",
		"errorMsg": null,
		"systemOs": "Windows",
		"createTime": "2020-09-13T08:44:05.000+0000",
		"operateName": "admin",
		"map": {},
		"browser": "谷歌浏览器"
	}]
}
