{"createTime":null,"createBy":null,"updateTime":null,"updateBy":null,"remark":null,"code":0,"msg":"...","count":3,"data":[{"createTime":null,"createBy":null,"updateTime":null,"updateBy":null,"remark":null,"id":1,"roleId":"1","roleName":"超级管理员","roleCode":"admin","enable":"1","details":"超级管理员","checked":false},{"createTime":null,"createBy":null,"updateTime":null,"updateBy":null,"remark":null,"roleId":"2","id":2,"roleName":"普通管理员","roleCode":"manager","enable":"0","details":"普通管理员","checked":false},{"createTime":null,"createBy":null,"updateTime":null,"updateBy":null,"remark":null,"roleId":"3","id":3,"roleName":"普通用户","roleCode":"pearson","enable":"0","details":"普通用户","checked":false}]}