{
  "code": 0,
  "msg": "...",
  "count": 3,
  "data": [{
    "id": "1",
    "code": "0x0001",
    "name": "阳光智慧小区",
    "address": "成都",
    "totalBuildings": 30,
    "totalHouseholds": 90,
    "image": "aaa",
    "estateCompany": "奥利给物业",
    "created": "2021-06-20"
  }, {
    "id": "2",
    "code": "0x0001",
    "name": "阳光智慧小区",
    "address": "成都",
    "totalBuildings": 30,
    "totalHouseholds": 90,
    "image": "aaa",
    "estateCompany": "奥利给物业",
    "created": "2021-06-20"
  }]
}
