<?xml version="1.0" encoding="UTF-8" ?>
<!DOCTYPE mapper
        PUBLIC "-//mybatis.org//DTD Mapper 3.0//EN"
        "http://mybatis.org/dtd/mybatis-3-mapper.dtd">
<mapper namespace="com.zeker.mapper.BuildingMapper">

    <select id="findBuildingPageByQueryVo" parameterType="buildingVo" resultType="com.zeker.pojo.dto.BuildingDto">
        SELECT
            b.id,
            b.village_id as villageId,
            b.`name`,
            b.num,
            b.description,
            b.created,
            b.updated,
            v.`name` as villageName
        FROM
            zeker_building b
                LEFT OUTER JOIN zeker_village v ON b.village_id = v.id
            <where>
                <if test="buildingVo.buildingName!=null and buildingVo.buildingName!=''">
                    and b.name like CONCAT('%',#{buildingVo.buildingName},'%')
                </if>
                <if test="buildingVo.villageName!=null and buildingVo.villageName!=''">
                    and v.`name` like CONCAT('%',#{buildingVo.villageName},'%')
                </if>
            </where>
    </select>


</mapper>