<?xml version="1.0" encoding="UTF-8" ?>
<!DOCTYPE mapper
        PUBLIC "-//mybatis.org//DTD Mapper 3.0//EN"
        "http://mybatis.org/dtd/mybatis-3-mapper.dtd">
<mapper namespace="com.zeker.mapper.HouseMapper">

    <select id="findHousePageByQueryVo" parameterType="houseVo" resultType="com.zeker.pojo.dto.HouseDto">
        SELECT
        h.id,
        h.village_id as villageId,
        v.`name`as villageName,
        h.building_id as buildingId,
        b.`name` as buildingName,
        h.code,
        h.name,
        h.owner_name as ownerName,
        h.phone,
        h.num,
        h.unit,
        h.floor,
        h.description,
        h.live_time as liveTime,
        h.created,
        h.updated

        FROM
            zeker_house h
                LEFT OUTER JOIN zeker_building b ON h.building_id = b.id LEFT JOIN zeker_village v ON h.village_id = v.id
            <where>
                <if test="houseVo.villageName!=null and houseVo.villageName!=''">
                    and v.name like CONCAT('%',#{houseVo.villageName},'%')
                </if>
                <if test="houseVo.houseName!=null and houseVo.houseName!=''">
                    and h.`name` like CONCAT('%',#{houseVo.houseName},'%')
                </if>
                <if test="houseVo.ownerName!=null and houseVo.ownerName!=''">
                    and h.owner_name like CONCAT('%',#{houseVo.ownerName},'%')
                </if>
            </where>
    </select>


</mapper>