<beans xmlns="http://www.springframework.org/schema/beans"
       xmlns:xsi="http://www.w3.org/2001/XMLSchema-instance"
       xmlns:context="http://www.springframework.org/schema/context"
       xmlns:tx="http://www.springframework.org/schema/tx"
       xmlns:aop="http://www.springframework.org/schema/aop"
       xsi:schemaLocation="
        http://www.springframework.org/schema/beans http://www.springframework.org/schema/beans/spring-beans-4.0.xsd
       http://www.springframework.org/schema/context http://www.springframework.org/schema/context/spring-context-4.0.xsd
       http://www.springframework.org/schema/tx http://www.springframework.org/schema/tx/spring-tx-4.0.xsd
       http://www.springframework.org/schema/aop http://www.springframework.org/schema/aop/spring-aop-4.0.xsd">


    <!--1.配置事务管理器-->
    <bean id="transactionManager" class="org.springframework.jdbc.datasource.DataSourceTransactionManager">
        <property name="dataSource" ref="dataSource"/>
    </bean>



    <!--2.配置通知-->
    <tx:advice id="txAdvice" transaction-manager="transactionManager">
        <!--定义springAop操作事务方法的属性-->
        <tx:attributes>
            <tx:method name="insert*" isolation="REPEATABLE_READ" propagation="REQUIRED" read-only="false"/>
            <tx:method name="add*" isolation="REPEATABLE_READ" propagation="REQUIRED" read-only="false"/>
            <tx:method name="save*" isolation="REPEATABLE_READ" propagation="REQUIRED" read-only="false"/>
            <tx:method name="update*" isolation="REPEATABLE_READ" propagation="REQUIRED" read-only="false"/>
            <tx:method name="modify*" isolation="REPEATABLE_READ" propagation="REQUIRED" read-only="false"/>
            <tx:method name="delete*" isolation="REPEATABLE_READ" propagation="REQUIRED" read-only="false"/>
            <tx:method name="remove*" isolation="REPEATABLE_READ" propagation="REQUIRED" read-only="false"/>
            <tx:method name="find*" isolation="REPEATABLE_READ" propagation="REQUIRED" read-only="true"/>
            <tx:method name="query*" isolation="REPEATABLE_READ" propagation="REQUIRED" read-only="true"/>
            <tx:method name="select*" isolation="REPEATABLE_READ" propagation="REQUIRED" read-only="true"/>
        </tx:attributes>
    </tx:advice>


    <!--3.配置织入-->
    <aop:config>
        <!--切面-->
        <aop:advisor advice-ref="txAdvice" pointcut="execution(* com.zeker.service..*ServiceImpl.*(..))"/>
    </aop:config>


</beans>