<?xml version="1.0" encoding="UTF-8" ?>
<beans xmlns="http://www.springframework.org/schema/beans"
       xmlns:xsi="http://www.w3.org/2001/XMLSchema-instance"
       xmlns:context="http://www.springframework.org/schema/context"
       xmlns:aop="http://www.springframework.org/schema/aop" xmlns:mvc="http://www.springframework.org/schema/mvc"
       xsi:schemaLocation="http://www.springframework.org/schema/beans http://www.springframework.org/schema/beans/spring-beans.xsd
http://www.springframework.org/schema/context http://www.springframework.org/schema/context/spring-context.xsd http://www.springframework.org/schema/aop http://www.springframework.org/schema/aop/spring-aop.xsd http://www.springframework.org/schema/mvc http://www.springframework.org/schema/mvc/spring-mvc.xsd">


<!--引入配置文件-->
    <import resource="applicationContext-dao.xml"/>
    <import resource="applicationContext-service.xml"/>
    <import resource="applicationContext-tx.xml"/>


<!--&lt;!&ndash;    注解的方式，新建对象，扫描包&ndash;&gt;-->
<!--    <context:component-scan base-package="service,Controller,beans,mapper" />-->
<!--    &lt;!&ndash;注册驱动  自动配置注解的处理器映射器+注解的处理器适配器&ndash;&gt;-->
<!--    <mvc:annotation-driven/>-->



<!--&lt;!&ndash;&lt;!&ndash;    aop切面配置&ndash;&gt;&ndash;&gt;-->

<!--&lt;!&ndash;    <bean id="loggerAspect" class="AopService.LoggerAspect"></bean>&ndash;&gt;-->
<!--&lt;!&ndash;    &lt;!&ndash;    aop:config表示织入，将下面的核心业务和切面业务织入在一起&ndash;&gt;&ndash;&gt;-->
<!--&lt;!&ndash;    <aop:config>&ndash;&gt;-->

<!--&lt;!&ndash;        &lt;!&ndash;  aop:pointcut 表示切点，表示将ProductService作为LoggerAspect的切点&ndash;&gt;&ndash;&gt;-->
<!--&lt;!&ndash;        <aop:pointcut id="loggerCutpoint" expression="execution(* service.ProductService.*(..)) "/>&ndash;&gt;-->
<!--&lt;!&ndash;        &lt;!&ndash;        aop:aspect表示切面，表示将哪个切面织入到那个切点中，ref表示引入切面&ndash;&gt;&ndash;&gt;-->
<!--&lt;!&ndash;        <aop:aspect id="logAspect" ref="loggerAspect">&ndash;&gt;-->
<!--&lt;!&ndash;&lt;!&ndash;            aop:around表示采用环绕通知的方式进行增强切点，pointcut-ref表示增强哪一个切点，method表示使用切面的哪一个方法对切点进行增强&ndash;&gt;&ndash;&gt;-->
<!--&lt;!&ndash;            <aop:around pointcut-ref="loggerCutpoint" method="log"/>&ndash;&gt;-->
<!--&lt;!&ndash;        </aop:aspect>&ndash;&gt;-->

<!--&lt;!&ndash;    </aop:config>&ndash;&gt;-->

<!--&lt;!&ndash;    开启注解&ndash;&gt;-->
<!--&lt;!&ndash;    <aop:aspectj-autoproxy/>&ndash;&gt;-->
<!--    <mvc:annotation-driven/>-->


<!--    <import resource="bean.xml"/>-->
<!--    <import resource="applicationContext-dao.xml"/>-->
<!--    <import resource="applicationContext-service.xml"/>-->
<!--    <import resource="applicationContext-tx.xml"/>-->
<!--    <import resource="applicationContext-controller.xml"/>-->
</beans>