<beans xmlns="http://www.springframework.org/schema/beans"
       xmlns:xsi="http://www.w3.org/2001/XMLSchema-instance"
       xmlns:context="http://www.springframework.org/schema/context"
       xsi:schemaLocation="
        http://www.springframework.org/schema/beans http://www.springframework.org/schema/beans/spring-beans-4.0.xsd
       http://www.springframework.org/schema/context http://www.springframework.org/schema/context/spring-context-4.0.xsd
      ">

    <!--1.加载外部的properties文件-->
    <context:property-placeholder location="classpath:jdbc.properties"/>

    <!--2.配置数据库连接池-->
    <bean id="dataSource" class="com.alibaba.druid.pool.DruidDataSource">
        <property name="driverClassName" value="${jdbc.driverClassName}"/>
        <property name="url" value="${jdbc.url}"/>
        <property name="username" value="${jdbc.username}"/>
        <property name="password" value="${jdbc.password}"/>
        <!--初始化连接-->
        <property name="minIdle" value="5"/>
        <!--最大连接数-->
        <property name="maxActive" value="10"/>
<!--        &lt;!&ndash;超时时间,dbcp不支持&ndash;&gt;-->
<!--        <property name="loginTimeout" value="3000"/>-->
    </bean>

    <!--分页插件【分页插件配置1】-->
    <bean id="paginationInnerInterceptor" class="com.baomidou.mybatisplus.extension.plugins.inner.PaginationInnerInterceptor">
        <property name="dbType" value="MYSQL"/>
    </bean>

    <!--3.配置sqlSessionFactoryBean-->
    <bean class="com.baomidou.mybatisplus.extension.spring.MybatisSqlSessionFactoryBean">

        <!--注入连接池-->
        <property name="dataSource" ref="dataSource"/>

        <!--配置别名-->
        <property name="typeAliasesPackage" value="com.zeker.pojo"/>

        <!--配置mapper.xml的位置-->
        <property name="mapperLocations" value="classpath:mapper/*.xml"/>


        <!-- spring xml 方式【分页插件配置2】 -->
        <property name="plugins">
            <array>
                <bean class="com.baomidou.mybatisplus.extension.plugins.MybatisPlusInterceptor">
                    <property name="interceptors" ref="paginationInnerInterceptor"/>
                </bean>
            </array>
        </property>

    </bean>


    <!--4.配置扫描mapper接口-->
    <bean class="org.mybatis.spring.mapper.MapperScannerConfigurer">
        <property name="basePackage" value="com.zeker.mapper"/>
    </bean>


</beans>