<beans xmlns="http://www.springframework.org/schema/beans"
	xmlns:xsi="http://www.w3.org/2001/XMLSchema-instance" xmlns:context="http://www.springframework.org/schema/context"
	xmlns:mvc="http://www.springframework.org/schema/mvc"
	xsi:schemaLocation="
        http://www.springframework.org/schema/beans http://www.springframework.org/schema/beans/spring-beans-4.0.xsd
       http://www.springframework.org/schema/context http://www.springframework.org/schema/context/spring-context-4.0.xsd 
       http://www.springframework.org/schema/mvc http://www.springframework.org/schema/mvc/spring-mvc-4.0.xsd">

	<!--配置不拦截静态资源-->
<!--	<mvc:resources mapping="/layui/**" location="/layui/"/>-->

	<!--配置扫描controller包-->
       <context:component-scan base-package="com.zeker.controller"/>

	<!--&lt;!&ndash;	配置处理器映射器&ndash;&gt;-->
	<!--       <bean class="org.springframework.web.servlet.mvc.method.annotation.RequestMappingHandlerMapping"/>-->
	<!--&lt;!&ndash;	配置处理器适配器&ndash;&gt;-->
	<!--	<bean class="org.springframework.web.servlet.mvc.method.annotation.RequestMappingHandlerAdapter"/>-->

	<!--	注册驱动，自动配置注解的处理器映射器+处理器适配器，也就是上面注释的两步-->
	<mvc:annotation-driven/>

	<!--	配置视图解析器-->
	<bean class="org.springframework.web.servlet.view.InternalResourceViewResolver">
<!--		&lt;!&ndash;		定义逻辑视图的前缀，modelAndView.setViewName&ndash;&gt;-->
<!--		<property name="prefix" value="WEB-INF/views/"/>-->
<!--		&lt;!&ndash;		定义后缀&ndash;&gt;-->
<!--		<property name="suffix" value=".jsp"/>-->
	</bean>

<!--	配置上传文件的解析器-->
	<bean id="multipartResolver" class="org.springframework.web.multipart.commons.CommonsMultipartResolver">
<!--		配置上传文件的大小-->
			<property name="maxUploadSize" value="5242880"/>
	</bean>

<!--	配置异常处理器-->
	<bean class="com.zeker.exception.CustomerExceptionResolver"></bean>

<!--	配置swagger-->
	<!-- 向容器自动注入配置 -->
	<context:annotation-config/>
	<!-- 将SwaggerConfig配置类注入 -->
	<bean class="com.zeker.swagger.SwaggerConfig"/>
	<!-- 配置spring不拦截swagger静态资源 -->
	<mvc:resources location="classpath:/META-INF/resources/" mapping="swagger-ui.html"/>
	<mvc:resources location="classpath:/META-INF/resources/webjars/" mapping="/webjars/**"/>

<!--	配置拦截器-->
	<mvc:interceptors>
		<mvc:interceptor>
<!--			配置拦截的路径-->
			<mvc:mapping path="/**"/>
<!--			配置不拦截的路径-->
			<mvc:exclude-mapping path="/admin/login "/>
<!--			配置拦截器不拦截swagger资源-->
			<mvc:exclude-mapping path="/swagger-resources/**"/>
			<mvc:exclude-mapping path="/webjars/**"/>
			<mvc:exclude-mapping path="/v2/**"/>
			<mvc:exclude-mapping path="/swagger-ui.html/**"/>
			<bean class="com.zeker.interceptor.LoginInterceptor"></bean>
		</mvc:interceptor>

		<mvc:interceptor>
			<!--			配置拦截的路径-->
			<mvc:mapping path="/**"/>
			<!--			配置不拦截的路径-->
			<mvc:exclude-mapping path="/admin/login "/>
			<!--			配置拦截器不拦截swagger资源-->
			<mvc:exclude-mapping path="/swagger-resources/**"/>
			<mvc:exclude-mapping path="/webjars/**"/>
			<mvc:exclude-mapping path="/v2/**"/>
			<mvc:exclude-mapping path="/swagger-ui.html/**"/>
			<bean class="com.zeker.interceptor.PermissionInterceptor"></bean>
		</mvc:interceptor>
	</mvc:interceptors>


 </beans>